{
    "name": "Engintron_EA4_2017",
    "desc": "Engintron_EA4_2017 profile with PHP 5.6 to 7.1",
    "pkgs": ["ea-apache24", "ea-apache24-config", "ea-apache24-config-runtime", "ea-apache24-mod_bwlimited", "ea-apache24-mod_cgid", "ea-apache24-mod_deflate", "ea-apache24-mod_expires", "ea-apache24-mod_headers", "ea-apache24-mod_mpm_worker", "ea-apache24-mod_proxy", "ea-apache24-mod_proxy_fcgi", "ea-apache24-mod_proxy_http", "ea-apache24-mod_proxy_wstunnel", "ea-apache24-mod_remoteip", "ea-apache24-mod_security2", "ea-apache24-mod_ssl", "ea-apache24-mod_suexec", "ea-apache24-mod_suphp", "ea-apache24-mod_unique_id", "ea-apache24-tools", "ea-apr", "ea-apr-util", "ea-cpanel-tools", "ea-documentroot", "ea-libcurl", "ea-libmcrypt", "ea-libnghttp2", "ea-libtidy", "ea-libxml2", "ea-modsec-sdbm-util", "ea-nghttp2", "ea-openssl", "ea-php-cli", "ea-php-cli-lsphp", "ea-php56", "ea-php56-build", "ea-php56-libc-client", "ea-php56-pear", "ea-php56-php-bcmath", "ea-php56-php-bz2", "ea-php56-php-calendar", "ea-php56-php-cli", "ea-php56-php-common", "ea-php56-php-curl", "ea-php56-php-dba", "ea-php56-php-debuginfo", "ea-php56-php-devel", "ea-php56-php-enchant", "ea-php56-php-exif", "ea-php56-php-fileinfo", "ea-php56-php-fpm", "ea-php56-php-ftp", "ea-php56-php-gd", "ea-php56-php-gettext", "ea-php56-php-gmp", "ea-php56-php-iconv", "ea-php56-php-imap", "ea-php56-php-intl", "ea-php56-php-ioncube", "ea-php56-php-ldap", "ea-php56-php-litespeed", "ea-php56-php-mbstring", "ea-php56-php-mcrypt", "ea-php56-php-mysqlnd", "ea-php56-php-odbc", "ea-php56-php-opcache", "ea-php56-php-pdo", "ea-php56-php-pgsql", "ea-php56-php-posix", "ea-php56-php-process", "ea-php56-php-pspell", "ea-php56-php-snmp", "ea-php56-php-soap", "ea-php56-php-sockets", "ea-php56-php-sourceguardian", "ea-php56-php-suhosin", "ea-php56-php-tidy", "ea-php56-php-xml", "ea-php56-php-xmlrpc", "ea-php56-php-zip", "ea-php56-runtime", "ea-php56-scldevel", "ea-php70", "ea-php70-build", "ea-php70-libc-client", "ea-php70-pear", "ea-php70-php-bcmath", "ea-php70-php-bz2", "ea-php70-php-calendar", "ea-php70-php-cli", "ea-php70-php-common", "ea-php70-php-curl", "ea-php70-php-dba", "ea-php70-php-devel", "ea-php70-php-enchant", "ea-php70-php-exif", "ea-php70-php-fileinfo", "ea-php70-php-fpm", "ea-php70-php-ftp", "ea-php70-php-gd", "ea-php70-php-gettext", "ea-php70-php-gmp", "ea-php70-php-iconv", "ea-php70-php-imap", "ea-php70-php-intl", "ea-php70-php-ldap", "ea-php70-php-litespeed", "ea-php70-php-mbstring", "ea-php70-php-mcrypt", "ea-php70-php-mysqlnd", "ea-php70-php-odbc", "ea-php70-php-opcache", "ea-php70-php-pdo", "ea-php70-php-pgsql", "ea-php70-php-posix", "ea-php70-php-process", "ea-php70-php-pspell", "ea-php70-php-snmp", "ea-php70-php-soap", "ea-php70-php-sockets", "ea-php70-php-tidy", "ea-php70-php-xml", "ea-php70-php-xmlrpc", "ea-php70-php-zip", "ea-php70-runtime", "ea-php71", "ea-php71-build", "ea-php71-libc-client", "ea-php71-pear", "ea-php71-php-bcmath", "ea-php71-php-bz2", "ea-php71-php-calendar", "ea-php71-php-cli", "ea-php71-php-common", "ea-php71-php-curl", "ea-php71-php-dba", "ea-php71-php-devel", "ea-php71-php-enchant", "ea-php71-php-exif", "ea-php71-php-fileinfo", "ea-php71-php-fpm", "ea-php71-php-ftp", "ea-php71-php-gd", "ea-php71-php-gettext", "ea-php71-php-gmp", "ea-php71-php-iconv", "ea-php71-php-imap", "ea-php71-php-intl", "ea-php71-php-ldap", "ea-php71-php-litespeed", "ea-php71-php-mbstring", "ea-php71-php-mcrypt", "ea-php71-php-mysqlnd", "ea-php71-php-odbc", "ea-php71-php-opcache", "ea-php71-php-pdo", "ea-php71-php-pgsql", "ea-php71-php-posix", "ea-php71-php-process", "ea-php71-php-pspell", "ea-php71-php-snmp", "ea-php71-php-soap", "ea-php71-php-sockets", "ea-php71-php-tidy", "ea-php71-php-xml", "ea-php71-php-xmlrpc", "ea-php71-php-zip", "ea-php71-runtime", "ea-profiles-cpanel"],
    "tags": [],
    "version": "0.1"
}